SW-DOWNLOAD,,,,,,,,,,,,,,,,,,,,,,,,,,,,,,,,,Parametric
Site,Product,SerialNumber,Special Build Name,Special Build Description,Unit Number,Station ID,Test Pass/Fail Status,StartTime,EndTime,List of Failing Tests,Version,BMLB-Serial Number,BMLB-Vendor,BTY-Serial Number,BTY-Vendor,CGS-Serial Number,CGS-Vendor,CYC-Serial Number,CYC-Vendor,HOOP-Serial Number,HOOP-Vendor,HSGA-Serial Number,HSGA-Vendor,MLB-Serial Number,MLB-Vendor,PEARL-Serial Number,PEARL-Vendor,FP_SN,JULIET_SN,OS_BUILD_VERSION_FATP,ROMEO_SN,STATION_STRING,hidd_nonui display ECIDCount,hidd_nonui display_on_time EFI,hidd_nonui display_on_time NonUI,hidd_nonui display_on_time Total,MAX_TEMP pmu TDEV1,MAX_TEMP pmu TDEV2,MAX_TEMP pmu TDEV3,MAX_TEMP pmu TDEV4,MAX_TEMP pmu TDEV5,MAX_TEMP soc THERMAL0,MAX_TEMP soc THERMAL1,MAX_TEMP soc THERMAL2,MIN_TEMP pmu TDEV1,MIN_TEMP pmu TDEV2,MIN_TEMP pmu TDEV3,MIN_TEMP pmu TDEV4,MIN_TEMP pmu TDEV5,MIN_TEMP soc THERMAL0,MIN_TEMP soc THERMAL1,MIN_TEMP soc THERMAL2,STOP_TESTABLE_DEVICE CHECK_PROCESS_CONTROL,TestGroup Failure Action,UsbLocation UsbLocation
Display Name ----->,,,,,,,,,,,,,,,,,,,,,,,,,,,,,,,,,
PDCA Priority ----->,,,,,,,,,,,,,,,,,,,,,,,,,,,,,,,,,0,0,0,0,0,0,0,0,0,0,0,0,0,0,0,0,0,0,0,0,NA,NA,0
Upper Limit ----->,,,,,,,,,,,,,,,,,,,,,,,,,,,,,,,,,NA,NA,NA,NA,NA,NA,NA,NA,NA,NA,NA,NA,NA,NA,NA,NA,NA,NA,NA,NA,NA,NA,NA
Lower Limit ----->,,,,,,,,,,,,,,,,,,,,,,,,,,,,,,,,,NA,NA,NA,NA,NA,NA,NA,NA,NA,NA,NA,NA,NA,NA,NA,NA,NA,NA,NA,NA,NA,NA,NA
Measurement Unit ----->,,,,,,,,,,,,,,,,,,,,,,,,,,,,,,,,,NA,s,s,s,C,C,C,C,C,C,C,C,C,C,C,C,C,C,C,C,NA,NA,NA
FXGL,D53,G6TZK00UP82Y,D53-PRO1,D53-PRO1_G2A2W,010578,FXGL_C02-4FT-02A_5_SW-DOWNLOAD,PASS,2019-11-07 22:38:20,2019-11-07 22:46:19,,0.0.2-18A21371h,C0794230037MVVQ0,Foxconn,F8Y9396M0YHN48M1E,Sunwoda Electronics Co. Ltd.,G6T9427000CP70YAH,FXGL,,,,,G6T94270007P876AS,FXGL,C079423000FP5571,Foxconn,G6T94240025P70XAN,FXGL,FWP9364Z15AMVFYFR,FX89391TZVHN9692A,18A21371h,F8P936202CHN2845U,Miss bbpvpcrttcrtpspceCfgrCfg,3,85692,276185,361877,35.22,39.38,36.44,41.09,37.07,40.6,40.26,0,27.61,29.61,28.15,31.1,29.3,27.62,27.76,0,,,342949888
FXGL,D53,G6TZK01DP83J,D53-PRO1,D53-PRO1_G3R3B,010500,FXGL_C03-3F-DQE_57_SW-DOWNLOAD,PASS,2019-11-07 22:08:53,2019-11-07 22:18:31,,0.0.2-18A21371f,C07941500BPNY139,Foxconn,F8Y9414N0LWN48K1T,Sunwoda Electronics Co. Ltd.,G6T9426000QP70YA6,FXGL,,,,,G6T9426000EP710AB,FXGL,C079415011CP55D1,Foxconn,G6T9424001GP70XAE,FXGL,FWP9364Z33CMVFYFT,DNM93730085N9678Z,18A21371f,DN8937700XSN28329,Miss bbpvpcrttcrtpspceCfgrCfg,2,103933,53831,157764,38,43.76,39.14,44.92,41.09,42.89,42.28,0,32.51,35.07,32.91,36.08,33.36,32.96,32.76,0,,,487674112
FXGL,D53,G6TZK01KP83J,D53-PRO1,D53-PRO1_G3R3B,010506,FXGL_C03-3F-DQE_58_SW-DOWNLOAD,PASS,2019-11-07 22:06:12,2019-11-07 22:16:03,,0.0.2-18A21371f,C07941500C1NY139,Foxconn,F8Y9414N05XN48K13,Sunwoda Electronics Co. Ltd.,G6T94260014P70YAP,FXGL,,,,,G6T94260008P710AH,FXGL,C0794150125P55D1,Foxconn,G6T94250024P70XAN,FXGL,FWP9364Z12WMVFYFE,DNM937300C1N9678R,18A21371f,DN89377003RN2832S,Miss CmClbbpvpcrttcrtpspceCfgrCfg,4,173072,101394,274466,41.47,43.76,41.86,45.59,43.06,59.28,56.92,0,33,35.12,33.32,36.18,34.34,39.14,39.28,0,,,437412096
FXGL,D53,G6TZK01ZP83J,G3R3B,,,FXGL_C03-3F-DQE_40_SW-DOWNLOAD,FAIL,2019-11-07 22:19:24,2019-11-07 22:32:16,TestGroup Failure Action,0.0.2-18A21371h,C07941500EGNY139,Foxconn,F8Y9414N0LAN48K1D,Sunwoda Electronics Co. Ltd.,G6T9426000ZP70YAX,FXGL,,,,,G6T9426000WP710AV,FXGL,C079415012KP55D1,Foxconn,G6T94240019P70XAM,FXGL,FWP9364Z1PAMVFYF5,DNM9373007HN9678Q,18A21371h,DN8937700AGN2832E,Nil,,,,,,,,,,,,,,,,,,,,,,,437391632
FXGL,D53,G6TZK01ZP83J,G3R3B,,,FXGL_C03-3F-DQE_40_SW-DOWNLOAD,PASS,2019-11-07 22:43:02,2019-11-07 22:52:33,,0.0.2-18A21371h,C07941500EGNY139,Foxconn,F8Y9414N0LAN48K1D,Sunwoda Electronics Co. Ltd.,G6T9426000ZP70YAX,FXGL,,,,,G6T9426000WP710AV,FXGL,C079415012KP55D1,Foxconn,G6T94240019P70XAM,FXGL,FWP9364Z1PAMVFYF5,DNM9373007HN9678Q,18A21371h,DN8937700AGN2832E,Miss bbpvpcrttcrtpspceCfgrCfg,4,70433,43047,113480,37.89,44.19,39.61,45.98,40.4,44.87,43.39,0,35.52,38.74,36.49,41.6,37.02,37.79,38.35,0,,,437392144
FXGL,D53,G6TZK022P83J,D53-PRO1,D53-PRO1_G3R3B,010523,FXGL_C03-3F-DQE_58_SW-DOWNLOAD,PASS,2019-11-07 23:01:55,2019-11-07 23:12:10,,0.0.2-18A21371f,C07941500DKNY139,Foxconn,F8Y9414N0M0N48K1L,Sunwoda Electronics Co. Ltd.,G6T9426000JP70YAC,FXGL,,,,,G6T94260009P710AG,FXGL,C079415013DP55D1,Foxconn,G6T94240001P70XAY,FXGL,FWP9364Z1DMMVFYFQ,DNM93730047N96789,18A21371f,DN89377002LN28320,Miss CmClbbpvpcrttcrtpspceCfgrCfg,3,277069,130196,407265,32.82,36.23,33.5,37.23,34.39,40.59,39.14,0,30.93,32.29,31.43,33.73,32.16,30.89,31.12,0,,,437412096
FXGL,D53,G6TZL001P82T,G2A20WH,,,FXGL_C02-2F-RD_59_SW-DOWNLOAD,PASS,2019-11-07 22:08:48,2019-11-07 22:20:24,,0.0.2-18A21371h,C07942700BTMVVQ0,Foxconn,FG99385010VN48N1S,Huapu Technology (Simplo),G6T9436000PP70YA4,FXGL,,,,,G6T94360006P876AR,FXGL,C07942700CVP5591,Foxconn,G6T9434003GP70XA5,FXGL,FWP9373Z2AVMVFYGK,DNM935601VPN96740,18A21371h,DN8937700SSN2832Q,Miss bbpvpcrtappvtcrtpspceCfgrCfg,3,85108,71642,156750,,,,,,,,,,,,,,,,,,,437391360
FXGL,D53,G6TZL008P833,G2A27W,,,FXGL_C03-1.5FT-16_14_SW-DOWNLOAD,FAIL,2019-11-07 23:57:22,2019-11-07 23:57:48,TestGroup Failure Action;STOP_TESTABLE_DEVICE CHECK_PROCESS_CONTROL,0.0.2-18A21371h,C079433003GMVVQ0,Foxconn,FG9938500DLN48N1X,Huapu Technology (Simplo),G6T94370016P70YAH,FXGL,,,,,G6T94370008P876AN,FXGL,C079433007KP5581,Foxconn,G6T94360038P70XAB,FXGL,FWP9392Z19ZMVFYPT,DNM935603T7N9674L,18A21371h,DN8937700RKN28320,Nil,4,53201,150528,203729,37.78,39.91,38.34,42.66,39.61,45.03,43,0,30.48,31.86,30.93,33,31.14,31.06,31.1,0,,,336658432
FXGL,D53,G6TZL008P833,G2A27W,,,FXGL_C03-1.5FT-16_14_SW-DOWNLOAD,FAIL,2019-11-07 23:58:18,2019-11-07 23:58:34,TestGroup Failure Action,0.0.2-unknown,C079433003GMVVQ0,Foxconn,FG9938500DLN48N1X,Huapu Technology (Simplo),G6T94370016P70YAH,FXGL,,,,,G6T94370008P876AN,FXGL,C079433007KP5581,Foxconn,G6T94360038P70XAB,FXGL,FWP9392Z19ZMVFYPT,DNM935603T7N9674L,unknown,DN8937700RKN28320,Nil,,,,,,,,,,,,,,,,,,,,,,,336658432
FXGL,D53,G6TZL008P833,G2A27W,,,FXGL_C03-1.5FT-16_14_SW-DOWNLOAD,FAIL,2019-11-07 23:58:58,2019-11-07 23:59:15,TestGroup Failure Action,0.0.2-unknown,C079433003GMVVQ0,Foxconn,FG9938500DLN48N1X,Huapu Technology (Simplo),G6T94370016P70YAH,FXGL,,,,,G6T94370008P876AN,FXGL,C079433007KP5581,Foxconn,G6T94360038P70XAB,FXGL,FWP9392Z19ZMVFYPT,DNM935603T7N9674L,unknown,DN8937700RKN28320,Nil,,,,,,,,,,,,,,,,,,,,,,,336658432
FXGL,D53,G6TZL00FP83K,G3R7WJ,,,FXGL_C03-3F-DQE_46_SW-DOWNLOAD,PASS,2019-11-07 22:01:18,2019-11-07 22:12:18,,0.0.2-18A21371g,C07942600DRNY139,Foxconn,FG99395004EN48P1S,Huapu Technology (Simplo),G6T9434003KP70YA1,FXGL,,,,,G6T9434000BP711AC,FXGL,C079425008YP55D1,Foxconn,G6T94320017P70XAN,FXGL,FWP9364Z51XMVFYDJ,FX89387TZSDN9692L,18A21371g,F8P936402H1N28422,Miss bbpvpcrttcrtpspceCfgrCfg,3,162666,74581,237247,39.02,41.99,39.38,45.52,41.79,48.65,47.18,0,29.27,31.47,30.2,32.29,30.53,30.18,30.65,0,,,337776640
FXGL,D53,G6TZL00HP833,G2A29W,,,FXGL_C03-1.5FT-16_14_SW-DOWNLOAD,FAIL,2019-11-07 23:55:28,2019-11-07 23:55:50,TestGroup Failure Action;STOP_TESTABLE_DEVICE CHECK_PROCESS_CONTROL,0.0.2-18A21371h,C079433003XMVVQ0,Foxconn,FG9938500BZN48N1Q,Huapu Technology (Simplo),G6T9437001EP70YA9,FXGL,,,,,G6T9437000KP876AB,FXGL,C079433005LP5581,Foxconn,G6T9436000PP70XA5,FXGL,FWP9392Z21CMVFYP3,DNM935603TMN96746,18A21371h,DN8937700EVN2832P,Nil,3,62212,198720,260932,37.18,39.08,37.61,39.97,38.34,45.51,43.67,0,30.97,32.6,31.31,33.41,31.86,30.17,30.45,0,,,336658432
FXGL,D53,G6TZL00JP836,D53-PRO1,D53-PRO1_G2A10BE,010805,FXGL_C02-2F-RD_59_SW-DOWNLOAD,PASS,2019-11-07 22:09:18,2019-11-07 22:20:23,,0.0.2-18A21371h,C079425004NMVVQ0,Foxconn,F8Y9396M0QRN48M1W,Sunwoda Electronics Co. Ltd.,G6T94330017P70YAL,FXGL,,,,,G6T94330001P875A0,FXGL,C0794250056P5591,Foxconn,G6T94320034P70XAK,FXGL,FWP9364Z2X1MVFYFP,FX89367NXMHN96968,18A21371h,F8P936402Y6N2842L,Miss bbpvpcrtappvtcrtpspceCfgrCfg,5,64118,90315,154433,,,,,,,,,,,,,,,,,,,437456896
FXGL,D53,G6TZL00NP83K,G3R7WJ,,,FXGL_C03-3F-DQE_46_SW-DOWNLOAD,PASS,2019-11-07 22:01:21,2019-11-07 22:12:15,,0.0.2-18A21371g,C079426007PNY139,Foxconn,FG9939500H4N48P1X,Huapu Technology (Simplo),G6T9434002WP70YAT,FXGL,,,,,G6T9434000JP711A5,FXGL,C079425008MP55D1,Foxconn,G6T9432000SP70XA6,FXGL,FWP9364Z6BXMVFYDM,FX89387TZU7N9692L,18A21371g,F8P936402RHN2842W,Miss bbpvpcrttcrtpspceCfgrCfg,3,150541,49173,199714,40.34,44.48,41.09,49.54,45.37,52.87,50.45,0,29.3,31.39,30.16,32.91,31.26,29.95,30.2,0,,,337715456
FXGL,D53,G6TZL01DP83K,G3R7WJ,,,FXGL_C03-3F-DQE_40_SW-DOWNLOAD,PASS,2019-11-07 22:19:47,2019-11-07 22:33:39,,0.0.2-18A21371h,C07942600G8NY139,Foxconn,FG9939500MYN48P1R,Huapu Technology (Simplo),G6T94340038P70YAC,FXGL,,,,,G6T9434000UP711AV,FXGL,C07942500ADP55D1,Foxconn,G6T9432000MP70XAB,FXGL,FWP9364Z3SJMVFYDS,FX89387TZVPN96921,18A21371h,F8P9364023YN2842D,Miss bbpvpcrttcrtpspceCfgrCfg,3,86373,53709,140082,37.02,42.12,37.89,43.76,40.4,44.26,43.42,0,27.57,29,27.75,30.53,28.59,28.34,28.26,0,,,437391888
FXGL,D53,G6TZL01EP83K,G3R7WJ,,,FXGL_C03-3F-DQE_40_SW-DOWNLOAD,PASS,2019-11-07 22:19:07,2019-11-07 22:33:30,,0.0.2-18A21371h,C07942600BANY139,Foxconn,FG9939500PYN48P1K,Huapu Technology (Simplo),G6T9434003MP70YAZ,FXGL,,,,,G6T9434000TP711AW,FXGL,C07942500DLP55D1,Foxconn,G6T94320018P70XAM,FXGL,FWP9364Z5JNMVFYDA,FX89387TZV7N9692H,18A21371h,F8P9364025TN2842C,Miss bbpvpcrttcrtpspceCfgrCfg,4,83052,42402,125454,37.72,42.52,38.22,44.05,40.65,43.23,42.87,0,27.22,28.85,27.12,30.77,28.15,28.76,28.84,0,,,437392400
FXGL,D53,G6TZL01TP83K,G3RW2W,,,FXGL_C03-3F-DQE_48_SW-DOWNLOAD,FAIL,2019-11-07 22:52:31,2019-11-07 22:54:22,TestGroup Failure Action,0.0.2-18A21371g,C0794310028NY139,Foxconn,FG9938501F9N48N11,Huapu Technology (Simplo),G6T94360001P70YAS,FXGL,,,,,G6T94360006P711AF,FXGL,C079431001SP55D1,Foxconn,G6T94240033P70XAM,FXGL,FWP9363Z1G5MVFYE1,FX89366NWKRN96968,18A21371g,DN8936370U1N2835L,Nil,3,141421,58673,200094,40.34,43.83,40.52,48.92,44.84,45.37,45.68,0,24.22,25.09,24.01,26.2,24.84,22.56,22.98,0,,,337776640
FXGL,D53,G6TZL01TP83K,G3RW2W,,,FXGL_C03-3F-DQE_48_SW-DOWNLOAD,FAIL,2019-11-07 22:57:49,2019-11-07 23:00:52,TestGroup Failure Action,0.0.2-18A21371g,C0794310028NY139,Foxconn,FG9938501F9N48N11,Huapu Technology (Simplo),G6T94360001P70YAS,FXGL,,,,,G6T94360006P711AF,FXGL,C079431001SP55D1,Foxconn,G6T94240033P70XAM,FXGL,FWP9363Z1G5MVFYE1,FX89366NWKRN96968,18A21371g,DN8936370U1N2835L,Nil,,,,,,,,,,,,,,,,,,,,,,,337776640
FXGL,D53,G6TZL01XP83K,G3RW2W,,,FXGL_C03-3F-DQE_48_SW-DOWNLOAD,FAIL,2019-11-07 22:52:40,2019-11-07 22:54:22,TestGroup Failure Action,0.0.2-18A21371g,C0794310027NY139,Foxconn,FG9938500X1N48N1W,Huapu Technology (Simplo),G6T9436000JP70YA9,FXGL,,,,,G6T94360001P711AL,FXGL,C0794310022P55D1,Foxconn,G6T94240032P70XAN,FXGL,FWP9363Z15UMVFYEB,FX89366NWR6N96969,18A21371g,DN89362ACM0N2835N,Nil,3,118398,48829,167227,41.6,43.76,42.12,44.84,42.19,51.79,49.67,0,33,35.02,33.64,36.39,34.3,33.73,33.62,0,,,337715456
FXGL,D53,G6TZL01XP83K,G3RW2W,,,FXGL_C03-3F-DQE_48_SW-DOWNLOAD,FAIL,2019-11-07 22:58:08,2019-11-07 23:07:13,TestGroup Failure Action,0.0.2-18A21371g,C0794310027NY139,Foxconn,FG9938500X1N48N1W,Huapu Technology (Simplo),G6T9436000JP70YA9,FXGL,,,,,G6T94360001P711AL,FXGL,C0794310022P55D1,Foxconn,G6T94240032P70XAN,FXGL,FWP9363Z15UMVFYEB,FX89366NWR6N96969,18A21371g,DN89362ACM0N2835N,Miss bbpvpcrttcrtpspceCfgrCfg,,,,,,,,,,,,,,,,,,,,,,,337715456
FXGL,D53,G6TZL01ZP83K,G3RW2W,,,FXGL_C03-3F-DQE_48_SW-DOWNLOAD,FAIL,2019-11-07 22:52:34,2019-11-07 22:54:22,TestGroup Failure Action,0.0.2-18A21371g,C079431001DNY139,Foxconn,FG9938500X7N48N1Q,Huapu Technology (Simplo),G6T94360005P70YAN,FXGL,,,,,G6T9436000KP711A2,FXGL,C0794310005P55D1,Foxconn,G6T94240037P70XAH,FXGL,FWP9363Z21YMVFYEJ,FX89366NWQ9N96969,18A21371g,DN893636YK0N2835K,Nil,3,185474,66347,251821,38.11,43.76,39.61,44.92,39.85,43.2,42.84,0,23.89,25.25,24.59,26.23,24.84,22.68,22.92,0,,,337907712
FXGL,D53,G6TZL01ZP83K,G3RW2W,,,FXGL_C03-3F-DQE_48_SW-DOWNLOAD,FAIL,2019-11-07 22:58:06,2019-11-07 23:00:52,TestGroup Failure Action,0.0.2-18A21371g,C079431001DNY139,Foxconn,FG9938500X7N48N1Q,Huapu Technology (Simplo),G6T94360005P70YAN,FXGL,,,,,G6T9436000KP711A2,FXGL,C0794310005P55D1,Foxconn,G6T94240037P70XAH,FXGL,FWP9363Z21YMVFYEJ,FX89366NWQ9N96969,18A21371g,DN893636YK0N2835K,Nil,,,,,,,,,,,,,,,,,,,,,,,337711360
FXGL,D53,G6TZL021P83K,G3RW2W,,,FXGL_C03-3F-DQE_48_SW-DOWNLOAD,FAIL,2019-11-07 22:52:35,2019-11-07 22:54:22,TestGroup Failure Action,0.0.2-18A21371g,C079431001ZNY139,Foxconn,FG99385010RN48N1W,Huapu Technology (Simplo),G6T9436000KP70YA8,FXGL,,,,,G6T94360007P711AE,FXGL,C079431000MP55D1,Foxconn,G6T9424003BP70XAD,FXGL,FWP9363Z1J4MVFYEW,FX89366NWRRN9696Q,18A21371g,DN8936374BFN2835K,Nil,4,112426,59095,171521,39.49,43.2,39.97,43.76,39.79,49.34,47.45,0,32.25,33.73,32.82,34.97,33.27,32.71,32.87,0,,,337711360
FXGL,D53,G6TZL021P83K,G3RW2W,,,FXGL_C03-3F-DQE_48_SW-DOWNLOAD,FAIL,2019-11-07 22:58:01,2019-11-07 23:00:52,TestGroup Failure Action,0.0.2-18A21371g,C079431001ZNY139,Foxconn,FG99385010RN48N1W,Huapu Technology (Simplo),G6T9436000KP70YA8,FXGL,,,,,G6T94360007P711AE,FXGL,C079431000MP55D1,Foxconn,G6T9424003BP70XAD,FXGL,FWP9363Z1J4MVFYEW,FX89366NWRRN9696Q,18A21371g,DN8936374BFN2835K,Nil,,,,,,,,,,,,,,,,,,,,,,,337907712
FXGL,D53,G6TZL023P83K,G3RW2W,,,FXGL_C03-3F-DQE_48_SW-DOWNLOAD,FAIL,2019-11-07 22:54:13,2019-11-07 23:00:52,TestGroup Failure Action,0.0.2-18A21371g,C079431001YNY139,Foxconn,FG9938500XKN48N1C,Huapu Technology (Simplo),G6T9436000FP70YAC,FXGL,,,,,G6T9436000DP711A8,FXGL,C079431000NP55D1,Foxconn,G6T9424003DP70XAB,FXGL,FWP9363Z15YMVFYE7,FX89366NWNNN96962,18A21371g,DN8936375YTN2835B,Nil,3,186832,53795,240627,36.86,41.92,38.11,42.45,37.45,40.75,40.9,0,31.69,32.86,31.99,33.82,32.38,30.21,31.03,0,,,337842176
FXGL,D53,G6TZL02EP83K,G3RW4W,,,FXGL_C03-3F-DQE_37_SW-DOWNLOAD,FAIL,2019-11-07 22:25:32,2019-11-07 22:27:26,TestGroup Failure Action,0.0.2-18A21371h,C079432007MNY139,Foxconn,FG993850123N48N1C,Huapu Technology (Simplo),G6T9437000WP70YAW,FXGL,,,,,G6T9437000GP711A4,FXGL,C0794310049P55D1,Foxconn,G6T9434001XP70XAW,FXGL,FWP9363Z1KJMVFYED,DNM935601QWN96748,18A21371h,DN8937700QBN2832B,Nil,4,104814,37182,141996,41.47,46.44,43.41,46.05,40.46,47.82,47.03,0,31.86,33.41,32.51,34.49,32.73,33.89,33.82,0,,,487661824
FXGL,D53,G6TZL02EP83K,G3RW4W,,,FXGL_C03-3F-DQE_37_SW-DOWNLOAD,FAIL,2019-11-07 22:28:11,2019-11-07 22:31:02,TestGroup Failure Action,0.0.2-18A21371h,C079432007MNY139,Foxconn,FG993850123N48N1C,Huapu Technology (Simplo),G6T9437000WP70YAW,FXGL,,,,,G6T9437000GP711A4,FXGL,C0794310049P55D1,Foxconn,G6T9434001XP70XAW,FXGL,FWP9363Z1KJMVFYED,DNM935601QWN96748,18A21371h,DN8937700QBN2832B,Nil,,,,,,,,,,,,,,,,,,,,,,,487658512
FXGL,D53,G6TZL02EP83K,G3RW4W,,,FXGL_C03-3F-DQE_56_SW-DOWNLOAD,PASS,2019-11-07 23:03:23,2019-11-07 23:13:55,,0.0.2-18A21371g,C079432007MNY139,Foxconn,FG993850123N48N1C,Huapu Technology (Simplo),G6T9437000WP70YAW,FXGL,,,,,G6T9437000GP711A4,FXGL,C0794310049P55D1,Foxconn,G6T9434001XP70XAW,FXGL,FWP9363Z1KJMVFYED,DNM935601QWN96748,18A21371g,DN8937700QBN2832B,Miss bbpvpcrttcrtpspceCfgrCfg,4,106610,37256,143866,41.47,46.44,43.41,46.05,40.96,47.82,47.03,0,31.86,33.41,32.51,34.49,32.73,33.89,33.82,0,,,336990208
FXGL,D53,G6TZL02HP83K,G3RW4W,,,FXGL_C03-3F-DQE_37_SW-DOWNLOAD,FAIL,2019-11-07 22:25:32,2019-11-07 22:31:08,TestGroup Failure Action,0.0.2-18A21371h,C079432006NNY139,Foxconn,FG99385019XN48N1X,Huapu Technology (Simplo),G6T9437000RP70YA1,FXGL,,,,,G6T9437000MP711AZ,FXGL,C079431005GP55D1,Foxconn,G6T9434001PP70XA4,FXGL,FWP9363Z1JFMVFYEK,DNM935601N4N96746,18A21371h,DN8937700E1N2832H,Nil,3,103316,45045,148361,38.56,43.69,39.97,43.48,38.11,44.96,42.95,0,31.6,33,31.94,33.64,31.86,31.9,31.84,0,,,487658256
FXGL,D53,G6TZL02HP83K,G3RW4W,,,FXGL_C03-3F-DQE_56_SW-DOWNLOAD,PASS,2019-11-07 23:03:23,2019-11-07 23:13:39,,0.0.2-18A21371g,C079432006NNY139,Foxconn,FG99385019XN48N1X,Huapu Technology (Simplo),G6T9437000RP70YA1,FXGL,,,,,G6T9437000MP711AZ,FXGL,C079431005GP55D1,Foxconn,G6T9434001PP70XA4,FXGL,FWP9363Z1JFMVFYEK,DNM935601N4N96746,18A21371g,DN8937700E1N2832H,Miss bbpvpcrttcrtpspceCfgrCfg,3,105033,45179,150212,38.56,43.69,39.97,44.92,41.34,44.96,42.95,0,31.6,33,31.94,33.64,31.86,31.9,31.84,0,,,337055744
FXGL,D53,G6TZL02ZP83K,G3RW4W,,,FXGL_C03-3F-DQE_36_SW-DOWNLOAD,PASS,2019-11-07 22:21:12,2019-11-07 22:30:11,,0.0.2-18A21371h,C079432007HNY139,Foxconn,FG9938500UFN48N1R,Huapu Technology (Simplo),G6T94370005P70YAM,FXGL,,,,,G6T9437000AP711AA,FXGL,C079431004QP55D1,Foxconn,G6T9434001NP70XA5,FXGL,FWP9363Z24SMVFYEF,DNM9356027EN96746,18A21371h,DN8937700FBN28324,Miss bbpvpcrttcrtpspceCfgrCfg,3,167440,41958,209398,39.61,44.92,41.41,46.52,41.47,46.81,45.09,0,24.65,25.47,25.22,26.6,25.31,23.18,23.84,0,,,487792896
FXGL,D53,G6TZL032P83K,D53-PRO1,D53-PRO1_G3RW4W,,FXGL_C03-3F-DQE_56_SW-DOWNLOAD,PASS,2019-11-07 22:07:08,2019-11-07 22:14:25,,0.0.2-18A21371g,C079432006HNY139,Foxconn,FG9938500VHN48N1L,Huapu Technology (Simplo),G6T94370008P70YAJ,FXGL,,,,,G6T9437000JP711A2,FXGL,C079431004LP55D1,Foxconn,G6T9434000QP70XA6,FXGL,FWP9363Z1K6MVFYER,DNM935601RXN96744,18A21371g,DN89377006CN2832W,Miss bbpvpcrttcrtpspceCfgrCfg,4,99091,35149,134240,39.14,43.2,39.61,48.66,44.19,50.93,49.1,0,38.22,42.39,38.74,47.82,43.34,46.06,46.45,0,,,336990208
FXGL,D53P,G6TZK01AP843,D53-PRO1MINI,D53-PRO1MINI_P2R2WH,010351,FXGL_C03-3F-DQE_40_SW-DOWNLOAD,PASS,2019-11-07 22:16:13,2019-11-07 22:30:41,,0.0.2-18A21371h,C0794150075NY619,Foxconn,F8Y9396M0VWN48M1A,Sunwoda Electronics Co. Ltd.,G6T9423000GP70YAH,FXGL,,,,,G6T9423000JP879AG,FXGL,C079415015GP55G1,Foxconn,G6T9417000CP70XAM,FXGL,FWP9364Z0NGMVFYF3,DNM935603WPN9674V,18A21371h,DN8936372AUN2835B,Miss CmClbbpvpcrttcrtpspceCfgrCfg,,,,,,,,,,,,,,,,,,,,,,,437399808
FXGL,D53P,G6TZL016P85K,P3R8W,,,FXGL_C03-3F-DQE_37_SW-DOWNLOAD,PASS,2019-11-07 22:14:05,2019-11-07 22:23:05,,0.0.2-18A21371h,C0794270037NY6Q9,Foxconn,FG9939500AQN48P1Y,Huapu Technology (Simplo),G6T9436001UP70YAW,FXGL,,,,,G6T94360002P714AG,FXGL,C079427001HP55L1,Foxconn,G6T9434006FP70XAX,FXGL,FWP9392Z1UUMVFYP9,FX89387TZSPN9692A,18A21371h,F8P936401H6N2842Y,Miss bbpvpcrttcrtpspceCfgrCfg,3,150479,75638,226117,39.44,46.05,41.02,47.41,41.21,47.48,45.98,0,25.73,27.54,25.93,28.85,26.63,25.31,25.65,0,,,487658256
FXGL,D54,G6TZK00CPF7D,D54-PRO1MINI,D54-PRO1MINI_3M1W,000051,FXGL_C03-1.5F-RD_1_SW-DOWNLOAD,FAIL,2019-11-07 22:00:49,2019-11-07 22:01:11,TestGroup Failure Action,0.0.2-unknown,C079416001TNY9L5,Foxconn,F8Y941400NJNR861P,Sunwoda Electronics Co. Ltd.,G6T9424000EPFL4AC,FXGL,DLC940104R8LCTV2G,ICT-Lanto Limited,GH993921157NY1413,NSTD,G6T94240007PFL1AN,FXGL,C0794160017P5662,Foxconn,G6T94230003PG32A8,FXGL,FWP9364Z2SCMVFYFT,F6D937101D7N96578,unknown,DN89396AXBHN2852A,Nil,,,,,,,,,,,,,,,,,,,,,,,487788544
FXGL,D54,G6TZK00CPF7D,D54-PRO1MINI,D54-PRO1MINI_3M1W,000051,FXGL_C03-1.5F-RD_3_SW-DOWNLOAD,PASS,2019-11-07 22:02:20,2019-11-07 22:12:10,,0.0.2-18A21371h,C079416001TNY9L5,Foxconn,F8Y941400NJNR861P,Sunwoda Electronics Co. Ltd.,G6T9424000EPFL4AC,FXGL,DLC940104R8LCTV2G,ICT-Lanto Limited,GH993921157NY1413,NSTD,G6T94240007PFL1AN,FXGL,C0794160017P5662,Foxconn,G6T94230003PG32A8,FXGL,FWP9364Z2SCMVFYFT,F6D937101D7N96578,18A21371h,DN89396AXBHN2852A,Miss CmClHmClpcicpciipcvcpcvipcvepbaspmpcpdclpregprf1prf2psd1psd2pwclpsnvjlexjlinjlnljlnmjlnvjlpqjlpsjlskbbpvShSCpcrtappvtcrtpspceCfgrCfg,,,,,,,,,,,,,,,,,,,,,,,437456896
FXGL,D54,G6TZK01TPF76,3M3WS,,,FXGL_C04-5F-BIR_5_SW-DOWNLOAD,FAIL,2019-11-07 22:08:12,2019-11-07 22:12:39,TestGroup Failure Action,0.0.2-18A21371m,C0794170021NY9L5,Foxconn,F8Y9414009NNR861Q,Sunwoda Electronics Co. Ltd.,G6T9425000JPFL4A7,FXGL,DLC940605T9LCTV23,ICT-Lanto Limited,GH9938710TVNY141G,NSTD,G6T9425000HPFL1AB,FXGL,C0794170005P5652,Foxconn,G6T94240011PG32A6,FXGL,FWP9364Z29EMVFYF8,F6D937101EPN9657P,18A21371m,DN89396AZ7MN2852G,Nil,4,94239,262595,356834,41.47,47.82,43.97,49.1,46.6,49.5,49.23,0,27.86,29.27,28.44,29.5,28.63,26.96,27.35,0,,,342949888
FXGL,D54,G6TZK01TPF76,3M3WS,,,FXGL_C04-5F-BIR_5_SW-DOWNLOAD,FAIL,2019-11-07 22:48:53,2019-11-07 22:52:49,TestGroup Failure Action,0.0.2-18A21371m,C0794170021NY9L5,Foxconn,F8Y9414009NNR861Q,Sunwoda Electronics Co. Ltd.,G6T9425000JPFL4A7,FXGL,DLC940605T9LCTV23,ICT-Lanto Limited,GH9938710TVNY141G,NSTD,G6T9425000HPFL1AB,FXGL,C0794170005P5652,Foxconn,G6T94240011PG32A6,FXGL,FWP9364Z29EMVFYF8,F6D937101EPN9657P,18A21371m,DN89396AZ7MN2852G,Nil,,,,,41.47,47.82,43.97,49.1,46.6,49.5,49.23,0,27.86,29.27,28.44,29.5,28.63,26.96,27.35,0,,,337707008
FXGL,D54,G6TZK01TPF76,3M3WS,,,FXGL_C04-5F-BIR_5_SW-DOWNLOAD,PASS,2019-11-07 23:05:35,2019-11-07 23:13:23,,0.0.2-18A21371m,C0794170021NY9L5,Foxconn,F8Y9414009NNR861Q,Sunwoda Electronics Co. Ltd.,G6T9425000JPFL4A7,FXGL,DLC940605T9LCTV23,ICT-Lanto Limited,GH9938710TVNY141G,NSTD,G6T9425000HPFL1AB,FXGL,C0794170005P5652,Foxconn,G6T94240011PG32A6,FXGL,FWP9364Z29EMVFYF8,F6D937101EPN9657P,18A21371m,DN89396AZ7MN2852G,Miss CmClbbpvShSCrSClpcrtappvtcrtpspceCfgrCfg,,,,,41.47,47.82,43.97,49.1,46.6,49.5,49.23,0,27.86,29.27,28.44,29.5,28.63,26.96,27.35,0,,,337707008
FXGL,D54,G6TZK02QPF76,3R1WS,,,FXGL_C01-5F-DQE_23_SW-DOWNLOAD,PASS,2019-11-07 22:35:52,2019-11-07 22:50:38,,0.0.2-18A21371e,C079424001VNY9L5,Foxconn,F8Y941400D4NR861W,Sunwoda Electronics Co. Ltd.,G6T9427003FPFL4AZ,FXGL,DLC940602YSLCTV28,ICT-Lanto Limited,GH99386103FNY1411,NSTD,G6T94270020PFL1AL,FXGL,C079424001JP5652,Foxconn,G6T9426000NPG32AL,FXGL,FWP9364Z6E1MVFYD8,F6D939603F6N96532,18A21371e,DN89396AX7PN2852G,Miss bbpvpcrtappvtcrtpspceCfgrCfg,4,127583,103709,231292,39.02,40.59,39.61,41.47,39.49,47.03,45.23,0,34.78,36.08,35.17,36.86,35.17,35.62,34.39,0,,,487670016
FXGL,D54,G6TZK02ZPF76,3R1WS,,,FXGL_C01-5F-DQE_23_SW-DOWNLOAD,PASS,2019-11-07 22:35:58,2019-11-07 22:50:19,,0.0.2-18A21371e,C079424000JNY9L5,Foxconn,F8Y941400U3NR861L,Sunwoda Electronics Co. Ltd.,G6T9427006CPFL4AT,FXGL,DLC94060356LCTV26,ICT-Lanto Limited,GH9938610KANY141S,NSTD,G6T9427002DPFL1A7,FXGL,C079424002YP5652,Foxconn,G6T9426002KPG32AH,FXGL,FWP9364Z42AMVFYD3,F6D939603AZN9653Q,18A21371e,DN89396AWPUN2852Y,Miss pcicpciipcvcpcvipcvepbaspmpcpdclpregprf1prf2psd1psd2pwclpsnvjlexjlinjlnljlnmjlnvjlpqjlpsjlskbbpvpcrtappvtcrtpspceCfgrCfg,3,157718,94129,251847,39.32,44.12,41.41,43.97,41.66,45.78,44.4,0,36.13,38.11,37.34,38.91,37.78,36.5,37.28,0,,,487658000
FXGL,D54,G6TZK03LPF76,3R1WSS,,,FXGL_C01-5F-DQE_23_SW-DOWNLOAD,PASS,2019-11-07 22:35:58,2019-11-07 22:50:43,,0.0.2-18A21371e,C0794240013NY9L5,Foxconn,F8Y941400NPNR861J,Sunwoda Electronics Co. Ltd.,G6T9427006APFL4AV,FXGL,DLC940602TCLCTV23,ICT-Lanto Limited,GH9938710D0NY141K,NSTD,G6T9427002FPFL1A5,FXGL,C079424000DP5652,Foxconn,G6T9426002CPG32AQ,FXGL,FWP9364Z64VMVFYDA,F6D939602B5N9653G,18A21371e,DN89396AWUFN2852W,Miss CmClbbpvpcrtappvtcrtpspceCfgrCfg,4,143394,94573,237967,37.67,38.51,37.78,39.08,37.78,46.01,44.53,0,33.87,34.78,34.11,35.17,34.11,35.03,34.06,0,,,487661824
FXGL,D54,G6TZK03NPF76,D54-PRO1MINI,D54-PRO1MINI_3R1WSS,000148,FXGL_C01-5F-DQE_22_SW-DOWNLOAD,PASS,2019-11-07 22:38:01,2019-11-07 22:51:51,,0.0.2-18A21371e,C079424000YNY9L5,Foxconn,F8Y941400U4NR861K,Sunwoda Electronics Co. Ltd.,G6T9427003QPFL4AQ,FXGL,DLC940602TALCTV25,ICT-Lanto Limited,GH99387108PNY141B,NSTD,G6T9427002GPFL1A4,FXGL,C0794240035P5652,Foxconn,G6T94260014PG32A1,FXGL,FWP9364Z62MMVFYDQ,F6D939603F7N96531,18A21371e,DN89396AWYBN2852N,Miss bbpvpcrtCmCltcrtpspcjlexjlinjlnljlnmjlnvjlpqjlpsjlskeCfgrCfg,4,133151,122351,255502,,,,,,,,,,,,,,,,,,,487796992
FXGL,D54,G6TZK041PF76,D54-PRO1MINI,D54-PRO1MINI_3M7W,000119,FXGL_C04-5F-BIR_5_SW-DOWNLOAD,PASS,2019-11-07 22:08:12,2019-11-07 22:15:05,,0.0.2-18A21371m,C079424001TNY9L5,Foxconn,F8Y941400ACNR861X,Sunwoda Electronics Co. Ltd.,G6T9427004APFL4A1,FXGL,DLC940605Q5LCTV2G,ICT-Lanto Limited,GH99386106LNY141M,NSTD,G6T9427002XPFL1AP,FXGL,C079424001LP5652,Foxconn,G6T9426000LPG32AN,FXGL,FWP9371Z1MVMVFYUM,F6D939602B7N9653E,18A21371m,DN893965YURN2852Z,Miss CmClpcicpciipcvcpcvipcvepbaspmpcpdclpregprf1prf2psd1psd2pwclpsnvjlexjlinjlnljlnmjlnvjlpqjlpsjlskbbpvShSCrSClpcrtappvtcrtpspceCfgrCfg,4,216352,129369,345721,41.53,45.67,42.72,47.24,44.92,55.78,54.48,0,26.63,27.97,27.19,28.74,27.89,24.87,25.87,0,,,337707008
FXGL,D54,G6TZL00YPF63,D54-PRO1MINI,D54-PRO1MINI_2R2BH,000221,FXGL_C01-5F-DQE_5_SW-DOWNLOAD,PASS,2019-11-07 22:01:16,2019-11-07 22:09:43,,0.0.2-18A21371j,C079426000EMVW39,Foxconn,F5D94125Q7FNR851V,Desay Battery Co. Ltd.,G6T94330006PFL4AJ,FXGL,DLC940104SRLCTV2W,ICT-Lanto Limited,GH9939210PMNY1414,NSTD,G6T94330009PG2XA7,FXGL,C079426002YP5622,Foxconn,G6T9427003QPG32A8,FXGL,FWP9401Z1F6MVFYRP,DNM938201NVN9642K,18A21371j,DN893659AM7N2855F,Miss bbpvpcrtappvtcrtpspceCfgrCfg,13,82232,77678,159910,40.03,42.66,41.28,43.76,41.53,42.21,41.37,0,38.79,41.92,39.91,43.06,40.52,40.2,40.79,0,,,336675072
FXGL,D54,G6TZL01FPF63,D54-PRO1MINI,D54-PRO1MINI_2R2BHS,000246,FXGL_C01-5F-DQE_2_SW-DOWNLOAD,PASS,2019-11-07 22:09:02,2019-11-07 22:16:31,,0.0.2-18A21371j,C079427008FMVW39,Foxconn,F5D94125FPGNR851P,Desay Battery Co. Ltd.,G6T9433000NPFL4A2,FXGL,DLC940104L9LCTV2W,ICT-Lanto Limited,GH9939210ZCNY141H,NSTD,G6T9433000VPG2XAM,FXGL,C0794260067P5622,Foxconn,G6T94270045PG32AQ,FXGL,FWP9401Z0C8MVFYRX,DNM938201L3N9642H,18A21371j,DN89365957EN2855M,Miss pcicpciipcvcpcvipcvepbaspmpcpdclpregprf1prf2psd1psd2pwclpsnvjlexjlinjlnljlnmjlnvjlpqjlpsjlskbbpvpcrtappvCmCltcrtpspceCfgrCfg,4,63414,175418,238832,40.34,43.2,41.09,43.76,41.79,42.82,42.28,0,39.97,42.66,40.65,43.48,41.41,41.37,41.85,0,,,337772544
FXGL,D54,G6TZL02JPF7D,3ITR1W,,,FXGL_C01-5F-DQE_15_SW-DOWNLOAD,PASS,2019-11-07 22:43:23,2019-11-07 23:04:29,,0.0.2-18A21371e,C079427000XNY9L5,Foxconn,F8Y9414010HNR861M,Sunwoda Electronics Co. Ltd.,G6T9437000YPFL4AN,FXGL,DLC940704BPLCTV23,ICT-Lanto Limited,GH9939210UVNY141F,NSTD,G6T9437000VPFL1AU,FXGL,C079427001JP5662,Foxconn,G6T9436001JPG32AJ,FXGL,FWP9385Z288MVFYJ1,F6D939602CQN9653U,18A21371e,DN893656USGN2855G,Miss CmClbbpvpcrtappvtcrtpspceCfgrCfg,3,111481,55563,167044,,,,,,,,,,,,,,,,,,,4245885968
FXGL,D54,G6TZL02LPF76,3G7W,,,FXGL_C04-4F-CA_3_SW-DOWNLOAD,FAIL,2019-11-07 22:01:55,2019-11-07 22:02:49,TestGroup Failure Action;STOP_TESTABLE_DEVICE CHECK_PROCESS_CONTROL,0.0.2-18A21371j,C079432006ANY9L5,Foxconn,F5D94127UD2NR851E,Desay Battery Co. Ltd.,G6T94370028PFL4A6,FXGL,DLC940605YTLCTV24,ICT-Lanto Limited,GH993871116NY141E,NSTD,G6T9437001WPFL1AQ,FXGL,C079432003JP5652,Foxconn,G6T94340004PG32A3,FXGL,FWP9401Z1LSMVFYRN,DNM9373019TN9646G,18A21371j,DN8936597THN2855Q,Nil,4,76711,92893,169604,34.11,34.87,34.49,35.87,34.87,45.75,44.04,0,26.46,27.01,26.7,27.61,27.15,27.76,28,0,,,342949888
FXGL,D54,G6TZL02LPF76,3G7W,,,FXGL_C04-4F-CA_3_SW-DOWNLOAD,PASS,2019-11-07 22:13:18,2019-11-07 22:20:47,,0.0.2-18A21371j,C079432006ANY9L5,Foxconn,F5D94127UD2NR851E,Desay Battery Co. Ltd.,G6T94370028PFL4A6,FXGL,DLC940605YTLCTV24,ICT-Lanto Limited,GH993871116NY141E,NSTD,G6T9437001WPFL1AQ,FXGL,C079432003JP5652,Foxconn,G6T94340004PG32A3,FXGL,FWP9401Z1LSMVFYRN,DNM9373019TN9646G,18A21371j,DN8936597THN2855Q,Miss CmClbbpvpcrtappvtcrtpspceCfgrCfg,4,76731,93144,169875,,,,,,,,,,,,,,,,,,,341901312
FXGL,D54,G6TZL02MPF76,3G7W,,,FXGL_C04-4F-CA_3_SW-DOWNLOAD,FAIL,2019-11-07 22:01:55,2019-11-07 22:11:44,TestGroup Failure Action,0.0.2-18A21371j,C0794320065NY9L5,Foxconn,F5D94125PQJNR851A,Desay Battery Co. Ltd.,G6T9437002EPFL4A0,FXGL,DLC940605ZRLCTV23,ICT-Lanto Limited,GH993921136NY141A,NSTD,G6T9437001VPFL1AR,FXGL,C079432001XP5652,Foxconn,G6T9434000RPG32AG,FXGL,FWP9401Z0HEMVFYRA,DNM9373009NN9646N,18A21371j,DN893656RM4N2855C,Miss CmClbbpvpcrtappvtcrtpspceCfgrCfg,4,77045,92292,169337,34.3,35.17,34.49,35.67,34.73,46.53,44.54,0,27.15,27.68,27.08,27.97,27.43,28.57,28.65,0,,,337707008
FXGL,D54,G6TZL02QPF7D,3ITR1W,,,FXGL_C01-5F-DQE_15_SW-DOWNLOAD,PASS,2019-11-07 22:42:22,2019-11-07 23:04:42,,0.0.2-18A21371e,C079427003JNY9L5,Foxconn,F8Y941400UJNR8615,Sunwoda Electronics Co. Ltd.,G6T9437000TPFL4AT,FXGL,DLC940704GHLCTV2U,ICT-Lanto Limited,GH9938710G2NY1418,NSTD,G6T9437000MPFL1A2,FXGL,C079427002XP5662,Foxconn,G6T94360019PG32AT,FXGL,FWP9385Z0G5MVFYJG,F6D939602C0N9653J,18A21371e,DN893656RM0N2855G,Miss CmClbbpvpcrtappvtcrtpspceCfgrCfg,3,120928,48117,169045,36.96,40.59,38.22,40.46,38.17,46.12,44.53,0,28.81,29.85,29.19,30.24,29.57,29.35,29.95,0,,,4245889280
FXGL,D54,G6TZL02RPF76,3G7W,,,FXGL_C03-1.5FT-14_4_SW-DOWNLOAD,FAIL,2019-11-07 23:51:11,2019-11-07 23:52:08,TestGroup Failure Action,0.0.2-18A21371l,,,,,,,,,,,,,,,,,FWP9401Z1G7MVFYRK,DNM937301AAN9646W,18A21371l,DN893659PT2N2855P,Nil,8,60295,109179,169474,,,,,,,,,,,,,,,,,,,487657472
FXGL,D54,G6TZL033PF7D,3ITR1W,,,FXGL_C01-5F-DQE_15_SW-DOWNLOAD,PASS,2019-11-07 22:42:22,2019-11-07 23:04:00,,0.0.2-18A21371e,C079427003ANY9L5,Foxconn,F8Y941400YUNR861H,Sunwoda Electronics Co. Ltd.,G6T9437000XPFL4AP,FXGL,DLC940704H1LCTV27,ICT-Lanto Limited,GH99386115CNY141X,NSTD,G6T9437001APFL1AA,FXGL,C0794270006P5662,Foxconn,G6T94360018PG32AU,FXGL,FWP9385Z26AMVFYJ5,F6D939602AMN96533,18A21371e,DN893656QPSN2855K,Miss CmClbbpvpcrtappvtcrtpspceCfgrCfg,3,113781,70466,184247,39.67,43.76,40.77,43.9,41.34,47.4,45.92,0,30.28,32.2,30.81,32.82,31.43,30.64,30.85,0,,,4245897472
FXGL,D54,G6TZL038PF7D,3ITR1W,,,FXGL_C01-5F-DQE_15_SW-DOWNLOAD,PASS,2019-11-07 22:42:22,2019-11-07 23:04:33,,0.0.2-18A21371e,C0794270042NY9L5,Foxconn,F8Y9414010BNR861T,Sunwoda Electronics Co. Ltd.,G6T9437001APFL4A7,FXGL,DLC940704FZLCTV2F,ICT-Lanto Limited,GH993861028NY141B,NSTD,G6T94370017PFL1AD,FXGL,C079427002MP5662,Foxconn,G6T9436000MPG32AJ,FXGL,FWP9385Z42SMVFYJZ,F6D939603G4N96531,18A21371e,DN893656QNCN28552,Miss CmClbbpvpcrtappvtcrtpspceCfgrCfg,3,122781,56872,179653,37.78,41.73,39.02,41.6,39.14,48.21,46.57,0,29.57,30.81,29.97,31.02,30.36,30.81,30.92,0,,,4245893376
FXGL,D54,G6TZL03EPF7D,D54-PRO1,D54-PRO1_3ITR1W,,FXGL_C01-5F-DQE_15_SW-DOWNLOAD,PASS,2019-11-07 22:42:22,2019-11-07 23:04:33,,0.0.2-18A21371e,C0794270025NY9L5,Foxconn,F8Y941400M4NR8616,Sunwoda Electronics Co. Ltd.,G6T9437000HPFL4A3,FXGL,DLC940704DFLCTV25,ICT-Lanto Limited,GH9938710ATNY1411,NSTD,G6T94370010PFL1AL,FXGL,C0794270029P5662,Foxconn,G6T9436000TPG32AC,FXGL,FWP9385Z0R0MVFYJU,F6D939602GDN9653T,18A21371e,DN893656S4LN2855C,Miss CmClbbpvpcrtappvtcrtpspceCfgrCfg,3,128711,61070,189781,38.22,42.19,39.85,42.12,40.59,45.17,44.17,0,28.33,29.65,29,30.08,29.73,26.09,27.43,0,,,4245885456
FXGL,D54,G6TZL03YPF68,D54-PRO1MINI,D54-PRO1MINI_2G3BH,,FXGL_C03-1.5FT-14_2_SW-DOWNLOAD,FAIL,2019-11-07 23:52:51,2019-11-07 23:54:06,TestGroup Failure Action,0.0.2-18A21371l,C07942600AXMVW39,Foxconn,F5D9426BNKSNWYK14,Desay Battery Co. Ltd.,G6T9433003LPFL4AV,FXGL,DLC9406058NLCTV2D,ICT-Lanto Limited,GH9938711AZNY141U,NSTD,G6T94330026PG2XA4,FXGL,C0794260016P5632,Foxconn,G6T9433003UPG32A5,FXGL,FWP9364Z0XQMVFYF2,DNM937301MSN9646F,18A21371l,DN8936594UCN2855V,Nil,5,35081,151379,186460,43.41,43.76,43.76,45.07,43.83,68.35,66.4,0,43.41,43.76,43.76,45.07,43.83,68.35,66.4,0,,,487788544
FXGL,D54,G6TZL03YPF68,D54-PRO1MINI,D54-PRO1MINI_2G3BH,,FXGL_C03-1.5FT-14_2_SW-DOWNLOAD,FAIL,2019-11-07 23:54:11,2019-11-07 23:54:50,TestGroup Failure Action,0.0.2-unknown,C07942600AXMVW39,Foxconn,F5D9426BNKSNWYK14,Desay Battery Co. Ltd.,G6T9433003LPFL4AV,FXGL,DLC9406058NLCTV2D,ICT-Lanto Limited,GH9938711AZNY141U,NSTD,G6T94330026PG2XA4,FXGL,C0794260016P5632,Foxconn,G6T9433003UPG32A5,FXGL,FWP9364Z0XQMVFYF2,DNM937301MSN9646F,unknown,DN8936594UCN2855V,Nil,,,,,,,,,,,,,,,,,,,,,,,487788544
FXGL,D54,G6TZL046PF68,2G3BH,,,FXGL_C03-1.5F-RD_1_SW-DOWNLOAD,PASS,2019-11-07 22:03:18,2019-11-07 22:11:43,,0.0.2-18A21371l,C07942600A5MVW39,Foxconn,F5D94126V88NR851R,Desay Battery Co. Ltd.,G6T94330042PFL4AA,FXGL,DLC940605W1LCTV22,ICT-Lanto Limited,GH99392111ENY1418,NSTD,G6T94330029PG2XA1,FXGL,C0794260013P5632,Foxconn,G6T9433002BPG32AR,FXGL,FWP9364Z0E5MVFYF4,DNM937301T0N9646P,18A21371l,DN8936598KWN28550,Miss bbpvpcrtappvtcrtpspceCfgrCfg,6,51683,61297,112980,39.38,43.9,40.71,44.77,43.62,50.9,49.29,0,30.24,30.93,30.12,31.69,30.93,33.34,33.42,0,,,437391360
FXGL,D54,G6TZL057PF68,2R3BHC,,,FXGL_C01-5F-DQE_22_SW-DOWNLOAD,PASS,2019-11-07 22:36:26,2019-11-07 22:49:06,,0.0.2-18A21371e,C079432001YMVW39,Foxconn,F5D9426BTXHNWYK16,Desay Battery Co. Ltd.,G6T9436000YPFL4AP,FXGL,DLC9412091QLCTV2V,ICT-Lanto Limited,GH994131015NY1416,NSTD,G6T94360002PG2XAB,FXGL,C079427007LP5632,Foxconn,G6T9435001YPG32A5,FXGL,FWP9393Z1YAMVFYNH,DNM937301GNN96460,18A21371e,F8P9365026LN28654,Miss CmClbbpvpcrtappvtcrtpspceCfgrCfg,3,119950,97509,217459,,,,,,,,,,,,,,,,,,,487788816
FXGL,D54,G6TZL065PF68,2R3BHC,,,FXGL_C01-5F-DQE_22_SW-DOWNLOAD,PASS,2019-11-07 22:42:12,2019-11-07 22:56:54,,0.0.2-18A21371e,C079432002AMVW39,Foxconn,F5D9426BR4RNWYK1D,Desay Battery Co. Ltd.,G6T9436000DPFL4A8,FXGL,DLC941208RNLCTV2U,ICT-Lanto Limited,GH9941420DTNY141C,NSTD,G6T94360013PG2XA7,FXGL,C0794270064P5632,Foxconn,G6T9435002MPG32AD,FXGL,FWP9393Z0MFMVFYNC,DNM937301F3N9646N,18A21371e,F8P936501WWN2865R,Miss CmClpcicpciipcvcpcvipcvepbaspmpcpdclpregprf1prf2psd1psd2pwclpsnvjlexjlinjlnljlnmjlnvjlpqjlpsjlskbbpvpcrtappvtcrtpspceCfgrCfg,3,79379,111753,191132,36.49,38.56,36.39,38.97,36.86,39.62,38.81,0,28.74,29.93,28.85,30.16,29.46,25.84,27,0,,,487789584
FXGL,D54,G6TZL066PF68,2R3BHC,,,FXGL_C01-5F-DQE_22_SW-DOWNLOAD,PASS,2019-11-07 22:42:22,2019-11-07 22:57:11,,0.0.2-18A21371e,C079432001DMVW39,Foxconn,F5D9426BP1DNWYK12,Desay Battery Co. Ltd.,G6T9436001APFL4A8,FXGL,DLC94120963LCTV21,ICT-Lanto Limited,GH9941420M8NY1417,NSTD,G6T9436000CPG2XA1,FXGL,C079427006RP5632,Foxconn,G6T9435002LPG32AE,FXGL,FWP9393Z0L0MVFYNW,DNM937301HRN9646U,18A21371e,F8P9365021FN2865Q,Miss bbpvpcrtappvtcrtpspceCfgrCfg,3,111296,97123,208419,38.45,41.28,39.97,42.45,39.91,41.46,40.4,0,28.07,28.89,28.74,29.69,28.74,26.07,26.79,0,,,487789328
FXGL,D54,G6TZM005PF7D,D54-PRO1,D54-PRO1_3G15WY,,FXGL_C03-4F-RD01_1_SW-DOWNLOAD,PASS,2019-11-07 22:02:01,2019-11-07 22:12:10,,0.0.2-18A21371m,C07943400B5NY9L5,Foxconn,F5D94126U4TNR851K,Desay Battery Co. Ltd.,G6T9444001PPFL4AU,FXGL,DLC940704FELCTV20,ICT-Lanto Limited,GH99424100NNY141N,NSTD,G6T94440002PFL1AM,FXGL,C079434002HP5662,Foxconn,G6T9433006VPG32AV,FXGL,FWP9364Z3Q5MVFYDB,DNM937300FQN96462,18A21371m,DN893659REDN2855F,Miss bbpvpcrtappvtcrtpspceCfgrCfg,3,75594,113394,188988,,,,,,,,,,,,,,,,,,,437456896
FXGL,D54,G6TZM007PF68,D54-PRO1,D54-PRO1_2G6BHC,,FXGL_C03-1.5F-RD_1_SW-DOWNLOAD,PASS,2019-11-07 22:08:59,2019-11-07 22:17:46,,0.0.2-18A21371l,C079433001AMVW39,Foxconn,F5D94126XQJNR851Z,Desay Battery Co. Ltd.,G6T9443001TPFL4AR,FXGL,DLC940605ZSLCTV22,ICT-Lanto Limited,GH9938710S6NY1418,NSTD,G6T9443000PPG2XAQ,FXGL,C079432000LP5632,Foxconn,G6T9435001PPG32AE,FXGL,FWP9385Z4UQMVFYJR,F6D9396028GN9653E,18A21371l,DN893656QP0N2855B,Miss bbpvpcrtappvtcrtpspceCfgrCfg,4,51045,135754,186799,41.79,46.52,43.55,47.24,45.37,51.84,50.48,0,27.22,28.4,27.57,29.04,27.97,25.51,26.32,0,,,487657472
FXGL,D54,G6TZM00ZPF7D,D54-PRO1,D54-PRO1_3ITR2W,,FXGL_C01-5F-DQE_15_SW-DOWNLOAD,PASS,2019-11-07 22:33:12,2019-11-07 22:42:34,,0.0.2-18A21371e,C0794320034NY9L5,Foxconn,F8Y9414010ANR861U,Sunwoda Electronics Co. Ltd.,,,DLC940605K5LCTV2X,ICT-Lanto Limited,GH9939210YGNY141G,NSTD,G6T9445000QPFL1AY,FXGL,C079432002TP5662,Foxconn,G6T94370036PG32AP,FXGL,FWP9393Z295MVFYNN,F6D9371031TN9657N,18A21371e,F8P938102RUN2862E,Miss CmClpcicpciipcvcpcvipcvepbaspmpcpdclpregprf1prf2psd1psd2pwclpsnvjlexjlinjlnljlnmjlnvjlpqjlpsjlskbbpvpcrtappvtcrtpspceCfgrCfg,3,57905,72345,130250,,,,,,,,,,,,,,,,,,,4245885968
FXGL,D54,G6TZM016PF7D,D54-PRO1,D54-PRO1_3ITR2W,,FXGL_C01-5F-DQE_11_SW-DOWNLOAD,PASS,2019-11-07 22:47:17,2019-11-07 22:59:29,,0.0.2-18A21371e,C079432003RNY9L5,Foxconn,F8Y941400WANR8617,Sunwoda Electronics Co. Ltd.,,,DLC94060605LCTV2K,ICT-Lanto Limited,GH9938610ZFNY141D,NSTD,G6T9445000TPFL1AV,FXGL,C079432000DP5662,Foxconn,G6T9437004NPG32A4,FXGL,FWP9393Z258MVFYNX,F6D9371016GN9657L,18A21371e,F8P938102MVN2862R,Miss CmClpcicpciipcvcpcvipcvepbaspmpcpdclpregprf1prf2psd1psd2pwclpsnvjlexjlinjlnljlnmjlnvjlpqjlpsjlskbbpvpcrttcrtpspceCfgrCfg,3,83712,57800,141512,37.34,41.86,39.14,42.06,39.49,42.68,42.6,0,27.54,28.96,28.11,29.69,28.63,26.79,27.67,0,,,437395712
FXGL,D54,G6TZM019PF76,D54-PRO1,D54-PRO1_3R4WY,,FXGL_C01-5F-DQE_1_SW-DOWNLOAD,FAIL,2019-11-07 22:23:38,2019-11-07 22:23:53,TestGroup Failure Action;STOP_TESTABLE_DEVICE CHECK_PROCESS_CONTROL,0.0.2-18A21371e,C079434002FNY9L5,Foxconn,F8Y942700Y1NR8713,Sunwoda Electronics Co. Ltd.,G6T94430012PFL4AG,FXGL,DLC940104QNLCTV25,ICT-Lanto Limited,GH9943310LTNY141P,NSTD,G6T9443000NPFL1A2,FXGL,C079433000DP5652,Foxconn,G6T9437002FPG32AH,FXGL,FWP9364Z680MVFYDT,F6D9371031RN9657Q,18A21371e,F8P9381041PN2862M,Miss bbpvpcrtappvtcrtpspceCfgrCfg,,,,,,,,,,,,,,,,,,,,,,,4245885184
FXGL,D54,G6TZM019PF76,D54-PRO1,D54-PRO1_3R4WY,,FXGL_C01-5F-DQE_1_SW-DOWNLOAD,FAIL,2019-11-07 22:30:24,2019-11-07 22:32:05,TestGroup Failure Action,0.0.2-18A21371j,C079434002FNY9L5,Foxconn,F8Y942700Y1NR8713,Sunwoda Electronics Co. Ltd.,G6T94430012PFL4AG,FXGL,DLC940104QNLCTV25,ICT-Lanto Limited,GH9943310LTNY141P,NSTD,G6T9443000NPFL1A2,FXGL,C079433000DP5652,Foxconn,G6T9437002FPG32AH,FXGL,FWP9364Z680MVFYDT,F6D9371031RN9657Q,18A21371j,F8P9381041PN2862M,Nil,3,47444,76329,123773,41.28,43.9,42.06,44.92,44.19,46.56,45.45,0,27.05,27.86,27.19,28.33,27.36,26.89,27.73,0,,,4245885440
FXGL,D54,G6TZM019PF76,D54-PRO1,D54-PRO1_3R4WY,,FXGL_C01-5F-DQE_1_SW-DOWNLOAD,FAIL,2019-11-07 22:32:29,2019-11-07 22:34:02,TestGroup Failure Action,0.0.2-unknown,C079434002FNY9L5,Foxconn,F8Y942700Y1NR8713,Sunwoda Electronics Co. Ltd.,G6T94430012PFL4AG,FXGL,DLC940104QNLCTV25,ICT-Lanto Limited,GH9943310LTNY141P,NSTD,G6T9443000NPFL1A2,FXGL,C079433000DP5652,Foxconn,G6T9437002FPG32AH,FXGL,FWP9364Z680MVFYDT,F6D9371031RN9657Q,unknown,F8P9381041PN2862M,Nil,,,,,,,,,,,,,,,,,,,,,,,4245885440
FXGL,D54,G6TZM019PF76,D54-PRO1,D54-PRO1_3R4WY,,FXGL_C01-5F-DQE_1_SW-DOWNLOAD,FAIL,2019-11-07 22:49:41,2019-11-07 22:51:12,TestGroup Failure Action,0.0.2-unknown,C079434002FNY9L5,Foxconn,F8Y942700Y1NR8713,Sunwoda Electronics Co. Ltd.,G6T94430012PFL4AG,FXGL,DLC940104QNLCTV25,ICT-Lanto Limited,GH9943310LTNY141P,NSTD,G6T9443000NPFL1A2,FXGL,C079433000DP5652,Foxconn,G6T9437002FPG32AH,FXGL,FWP9364Z680MVFYDT,F6D9371031RN9657Q,unknown,F8P9381041PN2862M,Nil,,,,,,,,,,,,,,,,,,,,,,,4245885440
FXGL,D54,G6TZM019PF76,D54-PRO1,D54-PRO1_3R4WY,,FXGL_C01-5F-DQE_1_SW-DOWNLOAD,FAIL,2019-11-07 22:56:24,2019-11-07 22:58:12,TestGroup Failure Action,0.0.2-18A21371j,C079434002FNY9L5,Foxconn,F8Y942700Y1NR8713,Sunwoda Electronics Co. Ltd.,G6T94430012PFL4AG,FXGL,DLC940104QNLCTV25,ICT-Lanto Limited,GH9943310LTNY141P,NSTD,G6T9443000NPFL1A2,FXGL,C079433000DP5652,Foxconn,G6T9437002FPG32AH,FXGL,FWP9364Z680MVFYDT,F6D9371031RN9657Q,18A21371j,F8P9381041PN2862M,Nil,,,,,,,,,,,,,,,,,,,,,,,4245885440
FXGL,D54,G6TZM019PF76,D54-PRO1,D54-PRO1_3R4WY,,FXGL_C01-5F-DQE_1_SW-DOWNLOAD,FAIL,2019-11-07 22:58:35,2019-11-07 23:00:04,TestGroup Failure Action,0.0.2-unknown,C079434002FNY9L5,Foxconn,F8Y942700Y1NR8713,Sunwoda Electronics Co. Ltd.,G6T94430012PFL4AG,FXGL,DLC940104QNLCTV25,ICT-Lanto Limited,GH9943310LTNY141P,NSTD,G6T9443000NPFL1A2,FXGL,C079433000DP5652,Foxconn,G6T9437002FPG32AH,FXGL,FWP9364Z680MVFYDT,F6D9371031RN9657Q,unknown,F8P9381041PN2862M,Nil,,,,,,,,,,,,,,,,,,,,,,,4245885440
FXGL,D54,G6TZM01HPF7D,D54-PRO1,D54-PRO1_3ITR2W,,FXGL_C01-5F-DQE_11_SW-DOWNLOAD,PASS,2019-11-07 22:47:17,2019-11-07 22:59:41,,0.0.2-18A21371e,C079432001ZNY9L5,Foxconn,F8Y94140126NR861S,Sunwoda Electronics Co. Ltd.,G6T9445000PPFL4AW,FXGL,DLC940605LJLCTV2F,ICT-Lanto Limited,GH99386115RNY141J,NSTD,G6T9445000LPFL1A2,FXGL,C079432000WP5662,Foxconn,G6T9435001KPG32AJ,FXGL,FWP9393Z2BFMVFYN6,F6D939602D3N9653C,18A21371e,DN8936653H6N2855C,Miss pcicpciipcvcpcvipcvepbaspmpcpdclpregprf1prf2psd1psd2pwclpsnvjlexjlinjlnljlnmjlnvjlpqjlpsjlskbbpvpcrtappvCmCltcrtpspceCfgrCfg,3,52294,31159,83453,38.51,42.52,39.97,42.79,40.03,46.78,45.53,0,26.53,27.97,27.22,28.74,27.5,25.29,26.31,0,,,437392400
FXGL,D54,G6TZM01KPF76,D54-PRO1,D54-PRO1_3G17WY,,FXGL_C03-4F-RD01_1_SW-DOWNLOAD,PASS,2019-11-07 22:16:10,2019-11-07 22:25:41,,0.0.2-18A21371m,C079436004SNY9L5,Foxconn,F5D94127R6YNR8518,Desay Battery Co. Ltd.,G6T94450017PFL4A9,FXGL,DLC94370013LCTV2E,ICT-Lanto Limited,GH9940610ATNY141R,NSTD,G6T9445001APFL1A9,FXGL,C079436004UP5652,Foxconn,G6T94440023PG32AV,FXGL,FWP9364Z5AGMVFYD6,DNM937300Z3N96463,18A21371m,DN8936651N0N28555,Miss pcicpciipcvcpcvipcvepbaspmpcpdclpregprf1prf2psd1psd2pwclpsnvjlexjlinjlnljlnmjlnvjlpqjlpsjlskbbpvpcrtappvtcrtpspceCfgrCfg,4,46214,58685,104899,,,,,,,,,,,,,,,,,,,487657472
FXGL,D54,G6TZM02PPF76,D54-PRO1,D54-PRO1_3G18WS,,FXGL_C03-1.5F-RD_1_SW-DOWNLOAD,FAIL,2019-11-07 22:15:33,2019-11-07 22:16:08,TestGroup Failure Action,0.0.2-unknown,C079436003TNY9L5,Foxconn,F5D941258P4NR8518,Desay Battery Co. Ltd.,G6T9445004JPFL4AP,FXGL,DLC940605T5LCTV27,ICT-Lanto Limited,GH99406107TNY1410,NSTD,G6T94460009PFL1AC,FXGL,C079436003WP5652,Foxconn,G6T9444001EPG32AM,FXGL,FWP9364Z6RKMVFYDR,DNM937300C6N9646V,unknown,DN8936651N2N28553,Miss bbpvpcrtappvtcrtpspceCfgrCfg,,,,,,,,,,,,,,,,,,,,,,,437391360
FXGL,D54,G6TZM02PPF76,D54-PRO1,D54-PRO1_3G18WS,,FXGL_C03-1.5F-RD_3_SW-DOWNLOAD,PASS,2019-11-07 22:16:54,2019-11-07 22:30:50,,0.0.2-18A21371h,C079436003TNY9L5,Foxconn,F5D941258P4NR8518,Desay Battery Co. Ltd.,G6T9445004JPFL4AP,FXGL,DLC940605T5LCTV27,ICT-Lanto Limited,GH99406107TNY1410,NSTD,G6T94460009PFL1AC,FXGL,C079436003WP5652,Foxconn,G6T9444001EPG32AM,FXGL,FWP9364Z6RKMVFYDR,DNM937300C6N9646V,18A21371h,DN8936651N2N28553,Miss bbpvpcrtappvtcrtpspceCfgrCfg,4,35025,84789,119814,42.25,43.06,42.25,43.2,41.02,64.12,62.2,0,31.06,31.86,30.93,32.12,30.28,33.59,33.78,0,,,437456896
FXGL,D54,G6TZN021PF7D,D54-PRO1,D54-PRO1_3RSQ5S,,FXGL_C04-5F-BIR_2_SW-DOWNLOAD,PASS,2019-11-07 22:00:53,2019-11-07 22:07:22,,0.0.2-18A21371m,,,,,,,,,,,,,,,,,FWP9385Z23MMVFYJ3,F6D93710129N96575,18A21371m,F8P938102RZN28629,Miss CmClHmClpcicpciipcvcpcvipcvepbaspmpcpdclpregprf1prf2psd1psd2pwclpsnvjlexjlinjlnljlnmjlnvjlpqjlpsjlskbbpvShSCrSClpcrtappvtcrtpspceCfgrCfg,4,3569,4242,7811,37.89,41.79,39.44,42.52,39.61,43.17,42.15,0,27.26,28.4,28,28.74,27.89,26.5,27.31,0,,,342949888
FXGL,D54,G6TZN02KPF7D,D54-PRO1,D54-PRO1_3Q1WH,,FXGL_C04-4F-RD_20_SW-DOWNLOAD,PASS,2019-11-07 22:19:59,2019-11-07 22:28:24,,0.0.2-18A21371l,,,,,,,,,,,,,,,,,,F6D937103HBN9657Q,18A21371l,F8P938102N8N28629,Miss pcicpciipcvcpcvipcvepbaspmpcpdclpregprf1prf2psd1psd2pwclpsnvjlexjlinjlnljlnmjlnvjlpqjlpsjlskbbpvShSCrSClpcrtappvCmClIfClHmCltcrtpspceCfgrCfg,4,18486,22618,41104,37.83,42.72,41.02,42.66,39.97,41.92,42.1,0,29.08,30.53,29.89,31.39,30.28,28.9,29.76,0,,,487657472
FXGL,D54,G6TZN02KPF7D,D54-PRO1,D54-PRO1_3Q1WH,,FXGL_C04-5FT-05_7_SW-DOWNLOAD,PASS,2019-11-07 22:38:07,2019-11-07 22:45:08,,0.0.2-18A21371l,,,,,,,,,,,,,,,,,,F6D937103HBN9657Q,18A21371l,F8P938102N8N28629,Miss pcicpciipcvcpcvipcvepbaspmpcpdclpregprf1prf2psd1psd2pwclpsnvjlexjlinjlnljlnmjlnvjlpqjlpsjlskbbpvShSCrSClpcrtappvCmClIfClHmCltcrtpspceCfgrCfg,4,18511,23057,41568,,,,,,,,,,,,,,,,,,,341901312
FXGL,D54,G6TZN02LPF7D,D54-PRO1,D54-PRO1_3Q1WH,,FXGL_C04-5FT-05_4_SW-DOWNLOAD,FAIL,2019-11-07 22:10:42,2019-11-07 22:13:33,TestGroup Failure Action,0.0.2-18A21371l,,,,,,,,,,,,,,,,,,F6D937103EHN9657T,18A21371l,F8P938102D8N28622,Nil,,,,,,,,,,,,,,,,,,,,,,,336658432
FXGL,D54,G6TZN02LPF7D,D54-PRO1,D54-PRO1_3Q1WH,,FXGL_C04-5FT-05_4_SW-DOWNLOAD,PASS,2019-11-07 22:18:51,2019-11-07 22:27:56,,0.0.2-18A21371l,,,,,,,,,,,,,,,,,,F6D937103EHN9657T,18A21371l,F8P938102D8N28622,Miss CmClpcicpciipcvcpcvipcvepbaspmpcpdclpregprf1prf2psd1psd2pwclpsnvjlexjlinjlnljlnmjlnvjlpqjlpsjlskbbpvShSCrSClpcrtappvIfClHmCltcrtpspceCfgrCfg,,,,,,,,,,,,,,,,,,,,,,,337707008
FXGL,D54,G6TZN02MPF7D,D54-PRO1,D54-PRO1_3Q1WH,,FXGL_C04-5FT-05_4_SW-DOWNLOAD,PASS,2019-11-07 22:18:48,2019-11-07 22:27:17,,0.0.2-18A21371l,,,,,,,,,,,,,,,,,,F6D937103E2N96578,18A21371l,F8P938102DBN2862Z,Miss CmClpcicpciipcvcpcvipcvepbaspmpcpdclpregprf1prf2psd1psd2pwclpsnvjlexjlinjlnljlnmjlnvjlpqjlpsjlskbbpvShSCrSClpcrtappvIfClHmCltcrtpspceCfgrCfg,,,,,41.6,45.98,43.76,46.6,44.19,49.39,47.46,0,31.02,32.38,32.12,32.91,32.38,32.12,32.59,0,,,336658432
FXGL,D54,G6TZN02NPF7D,D54-PRO1,D54-PRO1_3Q1WH,,FXGL_C04-5FT-05_4_SW-DOWNLOAD,PASS,2019-11-07 22:29:43,2019-11-07 22:37:20,,0.0.2-18A21371l,,,,,,,,,,,,,,,,,,F6D937103B5N9657E,18A21371l,F8P938102D3N28627,Miss CmClpcicpciipcvcpcvipcvepbaspmpcpdclpregprf1prf2psd1psd2pwclpsnvjlexjlinjlnljlnmjlnvjlpqjlpsjlskbbpvShSCrSClpcrtappvIfClHmCltcrtpspceCfgrCfg,4,20632,22419,43051,36.13,39.91,37.61,39.97,37.78,38.96,38.2,0,36.13,39.91,37.61,39.97,37.78,38.96,38.2,0,,,337707008
FXGL,D54,G6TZN02QPF7D,D54-PRO1,D54-PRO1_3Q1WH,,FXGL_C04-5FT-05_4_SW-DOWNLOAD,PASS,2019-11-07 22:23:42,2019-11-07 22:31:55,,0.0.2-18A21371l,,,,,,,,,,,,,,,,,,F6D9371039PN96572,18A21371l,F8P938102RCN2862W,Miss pcicpciipcvcpcvipcvepbaspmpcpdclpregprf1prf2psd1psd2pwclpsnvjlexjlinjlnljlnmjlnvjlpqjlpsjlskbbpvShSCrSClpcrtappvIfClHmCltcrtpspceCfgrCfg,3,15070,17521,32591,40.09,43.69,41.73,43.76,41.66,43.26,43.79,0,35.57,39.02,36.96,39.14,37.07,39.21,39.84,0,,,341901312
FXGL,D54,G6TZN02RPF7D,D54-PRO1,D54-PRO1_3Q1WH,000853,FXGL_C04-5FT-05_4_SW-DOWNLOAD,PASS,2019-11-07 22:11:51,2019-11-07 22:20:49,,0.0.2-18A21371l,,,,,,,,,,,,,,,,,,F6D93710342N96574,18A21371l,F8P938102BUN2862N,Miss pcicpciipcvcpcvipcvepbaspmpcpdclpregprf1prf2psd1psd2pwclpsnvjlexjlinjlnljlnmjlnvjlpqjlpsjlskbbpvShSCrSClpcrtappvIfClHmCltcrtpspceCfgrCfg,,,,,,,,,,,,,,,,,,,,,,,341901312
FXGL,D54,G6TZN02VPF7D,D54-PRO1,D54-PRO1_3Q1WH,,FXGL_C04-5FT-05_4_SW-DOWNLOAD,PASS,2019-11-07 22:07:51,2019-11-07 22:16:03,,0.0.2-18A21371l,,,,,,,,,,,,,,,,,,F6D937101FAN9657Z,18A21371l,F8P938102ZQN2862U,Miss CmClpcicpciipcvcpcvipcvepbaspmpcpdclpregprf1prf2psd1psd2pwclpsnvjlexjlinjlnljlnmjlnvjlpqjlpsjlskbbpvShSCrSClpcrtappvIfClHmCltcrtpspceCfgrCfg,4,19655,19519,39174,44.92,48.58,46.21,48.58,46.6,48.5,48.75,0,31.64,32.64,31.86,33,32.64,32.37,32.92,0,,,337707008
FXGL,D54,G6TZN02WPF7D,D54-PRO1,D54-PRO1_3Q1WH,,FXGL_C04-5FT-05_4_SW-DOWNLOAD,FAIL,2019-11-07 22:01:01,2019-11-07 22:03:42,TestGroup Failure Action,0.0.2-18A21371l,,,,,,,,,,,,,,,,,,F6D937103CZN9657H,18A21371l,F8P938102BDN28623,Nil,,,,,,,,,,,,,,,,,,,,,,,337707008
